DOMAIN,TOKEN
NEGATIVE_VALENCE,aggression
NEGATIVE_VALENCE,aggressive
NEGATIVE_VALENCE,agitated
NEGATIVE_VALENCE,anger
NEGATIVE_VALENCE,angry
NEGATIVE_VALENCE,anxiety
NEGATIVE_VALENCE,anxiety_disorder
NEGATIVE_VALENCE,anxious
NEGATIVE_VALENCE,appetite
NEGATIVE_VALENCE,ashamed
NEGATIVE_VALENCE,assaultive
NEGATIVE_VALENCE,attack
NEGATIVE_VALENCE,avoidance
NEGATIVE_VALENCE,avoidant
NEGATIVE_VALENCE,blue
NEGATIVE_VALENCE,calm
NEGATIVE_VALENCE,chest
NEGATIVE_VALENCE,chest_pain
NEGATIVE_VALENCE,chill
NEGATIVE_VALENCE,constricted
NEGATIVE_VALENCE,depressed
NEGATIVE_VALENCE,depressed_mood
NEGATIVE_VALENCE,depressive
NEGATIVE_VALENCE,depressive_disorder
NEGATIVE_VALENCE,diaphoretic
NEGATIVE_VALENCE,diarrhea
NEGATIVE_VALENCE,difficulty
NEGATIVE_VALENCE,down
NEGATIVE_VALENCE,dysphoric
NEGATIVE_VALENCE,dysthymic
NEGATIVE_VALENCE,emotional
NEGATIVE_VALENCE,energy
NEGATIVE_VALENCE,fatigue
NEGATIVE_VALENCE,fearful
NEGATIVE_VALENCE,feelings
NEGATIVE_VALENCE,fever
NEGATIVE_VALENCE,frighten
NEGATIVE_VALENCE,gain
NEGATIVE_VALENCE,guilt
NEGATIVE_VALENCE,guilty
NEGATIVE_VALENCE,head
NEGATIVE_VALENCE,helpless
NEGATIVE_VALENCE,hopeful
NEGATIVE_VALENCE,hopelessness
NEGATIVE_VALENCE,hypervigilant
NEGATIVE_VALENCE,irritable
NEGATIVE_VALENCE,lesion
NEGATIVE_VALENCE,living
NEGATIVE_VALENCE,major
NEGATIVE_VALENCE,meaningless
NEGATIVE_VALENCE,nausea
NEGATIVE_VALENCE,nervous
NEGATIVE_VALENCE,optimistic
NEGATIVE_VALENCE,outburst
NEGATIVE_VALENCE,palpitation
NEGATIVE_VALENCE,panic
NEGATIVE_VALENCE,panic_attack
NEGATIVE_VALENCE,panic_disorder
NEGATIVE_VALENCE,pessimistic
NEGATIVE_VALENCE,phobia
NEGATIVE_VALENCE,phobic
NEGATIVE_VALENCE,posttraumatic
NEGATIVE_VALENCE,posttraumatic_stress
NEGATIVE_VALENCE,refuse
NEGATIVE_VALENCE,relaxed
NEGATIVE_VALENCE,respond
NEGATIVE_VALENCE,sad
NEGATIVE_VALENCE,scare
NEGATIVE_VALENCE,sensory
NEGATIVE_VALENCE,sensory_deficit
NEGATIVE_VALENCE,situation
NEGATIVE_VALENCE,startle
NEGATIVE_VALENCE,stress
NEGATIVE_VALENCE,stress_disorder
NEGATIVE_VALENCE,stressor
NEGATIVE_VALENCE,suicidal
NEGATIVE_VALENCE,sweat
NEGATIVE_VALENCE,tachycardic
NEGATIVE_VALENCE,tearful
NEGATIVE_VALENCE,tense
NEGATIVE_VALENCE,threaten
NEGATIVE_VALENCE,trauma
NEGATIVE_VALENCE,tremulous
NEGATIVE_VALENCE,violence
NEGATIVE_VALENCE,violent
NEGATIVE_VALENCE,weight_gain
NEGATIVE_VALENCE,worried
NEGATIVE_VALENCE,worth
NEGATIVE_VALENCE,worthless
POSITIVE_VALENCE,abuse
POSITIVE_VALENCE,alcohol
POSITIVE_VALENCE,alcohol_abuse
POSITIVE_VALENCE,alcohol_dependance
POSITIVE_VALENCE,alcohol_withdrawal
POSITIVE_VALENCE,appetite
POSITIVE_VALENCE,back
POSITIVE_VALENCE,barbiturate
POSITIVE_VALENCE,blackout
POSITIVE_VALENCE,bowel
POSITIVE_VALENCE,compulsive
POSITIVE_VALENCE,count
POSITIVE_VALENCE,couple
POSITIVE_VALENCE,craving
POSITIVE_VALENCE,cut
POSITIVE_VALENCE,dependance
POSITIVE_VALENCE,disorder_nos
POSITIVE_VALENCE,drink
POSITIVE_VALENCE,drug
POSITIVE_VALENCE,effect
POSITIVE_VALENCE,etoh
POSITIVE_VALENCE,financial
POSITIVE_VALENCE,gamble
POSITIVE_VALENCE,heavy
POSITIVE_VALENCE,heroin
POSITIVE_VALENCE,high
POSITIVE_VALENCE,high_school
POSITIVE_VALENCE,hoard
POSITIVE_VALENCE,indication
POSITIVE_VALENCE,induce
POSITIVE_VALENCE,induce_mood
POSITIVE_VALENCE,ingestion
POSITIVE_VALENCE,intake
POSITIVE_VALENCE,interest
POSITIVE_VALENCE,intoxicate
POSITIVE_VALENCE,intoxication
POSITIVE_VALENCE,liver
POSITIVE_VALENCE,lose
POSITIVE_VALENCE,money
POSITIVE_VALENCE,monitoring
POSITIVE_VALENCE,motivate
POSITIVE_VALENCE,motor
POSITIVE_VALENCE,movement
POSITIVE_VALENCE,ordering
POSITIVE_VALENCE,partial
POSITIVE_VALENCE,planning
POSITIVE_VALENCE,psychotic_disorder
POSITIVE_VALENCE,related
POSITIVE_VALENCE,remission
POSITIVE_VALENCE,repetitive
POSITIVE_VALENCE,report_that
POSITIVE_VALENCE,resource
POSITIVE_VALENCE,routine
POSITIVE_VALENCE,sexual_abuse
POSITIVE_VALENCE,stereotypy
POSITIVE_VALENCE,stop
POSITIVE_VALENCE,strategy
POSITIVE_VALENCE,therapy
POSITIVE_VALENCE,with_alcohol
POSITIVE_VALENCE,withdrawal
POSITIVE_VALENCE,withdrawal_symptom
COGNITIVE_SYSTEMS,ability
COGNITIVE_SYSTEMS,answer
COGNITIVE_SYSTEMS,aphasic
COGNITIVE_SYSTEMS,attention
COGNITIVE_SYSTEMS,attentive
COGNITIVE_SYSTEMS,auditory
COGNITIVE_SYSTEMS,auditory_hallucination
COGNITIVE_SYSTEMS,behavior
COGNITIVE_SYSTEMS,cognitive
COGNITIVE_SYSTEMS,compliance
COGNITIVE_SYSTEMS,content
COGNITIVE_SYSTEMS,conversation
COGNITIVE_SYSTEMS,conviction
COGNITIVE_SYSTEMS,current_episode
COGNITIVE_SYSTEMS,decrease_need
COGNITIVE_SYSTEMS,delusion
COGNITIVE_SYSTEMS,disinhibit
COGNITIVE_SYSTEMS,disorganisation
COGNITIVE_SYSTEMS,disorganise
COGNITIVE_SYSTEMS,disorganise_behavior
COGNITIVE_SYSTEMS,distracted
COGNITIVE_SYSTEMS,distractible
COGNITIVE_SYSTEMS,employ
COGNITIVE_SYSTEMS,engage
COGNITIVE_SYSTEMS,executive
COGNITIVE_SYSTEMS,exercise
COGNITIVE_SYSTEMS,factor_include
COGNITIVE_SYSTEMS,fast
COGNITIVE_SYSTEMS,flight
COGNITIVE_SYSTEMS,forget
COGNITIVE_SYSTEMS,forgetful
COGNITIVE_SYSTEMS,grandiosity
COGNITIVE_SYSTEMS,hallucinate
COGNITIVE_SYSTEMS,hallucination
COGNITIVE_SYSTEMS,idea
COGNITIVE_SYSTEMS,illusion
COGNITIVE_SYSTEMS,impairment
COGNITIVE_SYSTEMS,impulse
COGNITIVE_SYSTEMS,impulsive
COGNITIVE_SYSTEMS,impulsive_behavior
COGNITIVE_SYSTEMS,inappropriate
COGNITIVE_SYSTEMS,incoherent
COGNITIVE_SYSTEMS,information
COGNITIVE_SYSTEMS,injurious_behavior
COGNITIVE_SYSTEMS,insertion
COGNITIVE_SYSTEMS,intact
COGNITIVE_SYSTEMS,irritable
COGNITIVE_SYSTEMS,memory
COGNITIVE_SYSTEMS,mildly
COGNITIVE_SYSTEMS,name
COGNITIVE_SYSTEMS,ongoing
COGNITIVE_SYSTEMS,perception
COGNITIVE_SYSTEMS,planning
COGNITIVE_SYSTEMS,possibly
COGNITIVE_SYSTEMS,problem
COGNITIVE_SYSTEMS,psychotic
COGNITIVE_SYSTEMS,psychotic_disorder
COGNITIVE_SYSTEMS,psychotic_feature
COGNITIVE_SYSTEMS,question
COGNITIVE_SYSTEMS,race
COGNITIVE_SYSTEMS,recall
COGNITIVE_SYSTEMS,regularly
COGNITIVE_SYSTEMS,related
COGNITIVE_SYSTEMS,schizophrenia
COGNITIVE_SYSTEMS,sensation
COGNITIVE_SYSTEMS,sexual_abuse
COGNITIVE_SYSTEMS,sweat
COGNITIVE_SYSTEMS,talk
COGNITIVE_SYSTEMS,term
COGNITIVE_SYSTEMS,testing
COGNITIVE_SYSTEMS,thought
COGNITIVE_SYSTEMS,thought_insertion
COGNITIVE_SYSTEMS,type
COGNITIVE_SYSTEMS,ultimately
COGNITIVE_SYSTEMS,understand
COGNITIVE_SYSTEMS,understanding
COGNITIVE_SYSTEMS,visual
COGNITIVE_SYSTEMS,visual_hallucination
COGNITIVE_SYSTEMS,voice
COGNITIVE_SYSTEMS,vomiting
COGNITIVE_SYSTEMS,with_psychotic
COGNITIVE_SYSTEMS,word
SOCIAL_PROCESSES,aggressive
SOCIAL_PROCESSES,auditory
SOCIAL_PROCESSES,auditory_hallucination
SOCIAL_PROCESSES,behavior
SOCIAL_PROCESSES,belief
SOCIAL_PROCESSES,compliance
SOCIAL_PROCESSES,concern_that
SOCIAL_PROCESSES,content
SOCIAL_PROCESSES,control
SOCIAL_PROCESSES,current_episode
SOCIAL_PROCESSES,delusion
SOCIAL_PROCESSES,delusional
SOCIAL_PROCESSES,disorder_nos
SOCIAL_PROCESSES,disorganise
SOCIAL_PROCESSES,elicit
SOCIAL_PROCESSES,empathic
SOCIAL_PROCESSES,engaged
SOCIAL_PROCESSES,expressive
SOCIAL_PROCESSES,fast
SOCIAL_PROCESSES,flat
SOCIAL_PROCESSES,grandiose
SOCIAL_PROCESSES,hallucinate
SOCIAL_PROCESSES,hallucination
SOCIAL_PROCESSES,impulse
SOCIAL_PROCESSES,impulse_control
SOCIAL_PROCESSES,inappropriate
SOCIAL_PROCESSES,interview
SOCIAL_PROCESSES,isolated
SOCIAL_PROCESSES,language
SOCIAL_PROCESSES,lonely
SOCIAL_PROCESSES,misinterpret
SOCIAL_PROCESSES,misunderstand
SOCIAL_PROCESSES,paranoid
SOCIAL_PROCESSES,paranoid_ideation
SOCIAL_PROCESSES,partial
SOCIAL_PROCESSES,prominent
SOCIAL_PROCESSES,psychotic
SOCIAL_PROCESSES,psychotic_disorder
SOCIAL_PROCESSES,psychotic_feature
SOCIAL_PROCESSES,regular
SOCIAL_PROCESSES,related
SOCIAL_PROCESSES,theme
SOCIAL_PROCESSES,think
SOCIAL_PROCESSES,thought_broadcasting
SOCIAL_PROCESSES,threaten
SOCIAL_PROCESSES,type
SOCIAL_PROCESSES,vague
SOCIAL_PROCESSES,visual
SOCIAL_PROCESSES,voice
SOCIAL_PROCESSES,wall
SOCIAL_PROCESSES,with_psychotic
SOCIAL_PROCESSES,withdrawn
SOCIAL_PROCESSES,worthless
AROUSAL_REGULATION,abnormality
AROUSAL_REGULATION,agitated
AROUSAL_REGULATION,agitation
AROUSAL_REGULATION,alertness
AROUSAL_REGULATION,alfa
AROUSAL_REGULATION,amount
AROUSAL_REGULATION,apnea
AROUSAL_REGULATION,appetite
AROUSAL_REGULATION,architecture
AROUSAL_REGULATION,attention
AROUSAL_REGULATION,bipap
AROUSAL_REGULATION,blink
AROUSAL_REGULATION,cardiovascular
AROUSAL_REGULATION,chest_pain
AROUSAL_REGULATION,chill
AROUSAL_REGULATION,cigaret
AROUSAL_REGULATION,circadian
AROUSAL_REGULATION,compare
AROUSAL_REGULATION,concentration
AROUSAL_REGULATION,continuity
AROUSAL_REGULATION,cortisol
AROUSAL_REGULATION,cpap
AROUSAL_REGULATION,deficit
AROUSAL_REGULATION,deprivation
AROUSAL_REGULATION,difficulty
AROUSAL_REGULATION,dizziness
AROUSAL_REGULATION,dream
AROUSAL_REGULATION,duration
AROUSAL_REGULATION,eeg
AROUSAL_REGULATION,emotional
AROUSAL_REGULATION,energy
AROUSAL_REGULATION,executive_function
AROUSAL_REGULATION,express
AROUSAL_REGULATION,fatigue
AROUSAL_REGULATION,faze
AROUSAL_REGULATION,feelings
AROUSAL_REGULATION,ferritin
AROUSAL_REGULATION,fragmentation
AROUSAL_REGULATION,have_been
AROUSAL_REGULATION,headache
AROUSAL_REGULATION,hormone
AROUSAL_REGULATION,hour
AROUSAL_REGULATION,hypersomnia
AROUSAL_REGULATION,identify
AROUSAL_REGULATION,information
AROUSAL_REGULATION,insomnia
AROUSAL_REGULATION,irritability
AROUSAL_REGULATION,language
AROUSAL_REGULATION,melatonin
AROUSAL_REGULATION,memory
AROUSAL_REGULATION,minutes
AROUSAL_REGULATION,motivate
AROUSAL_REGULATION,motor
AROUSAL_REGULATION,motor_activity
AROUSAL_REGULATION,neck
AROUSAL_REGULATION,night
AROUSAL_REGULATION,nightmare
AROUSAL_REGULATION,notice
AROUSAL_REGULATION,offer
AROUSAL_REGULATION,oral
AROUSAL_REGULATION,osa
AROUSAL_REGULATION,posttraumatic
AROUSAL_REGULATION,posttraumatic_stress
AROUSAL_REGULATION,psychomotor
AROUSAL_REGULATION,psychomotor_agitation
AROUSAL_REGULATION,quantity
AROUSAL_REGULATION,range
AROUSAL_REGULATION,reactivity
AROUSAL_REGULATION,rem_sleep
AROUSAL_REGULATION,respiratory
AROUSAL_REGULATION,restless
AROUSAL_REGULATION,restoration
AROUSAL_REGULATION,rhythm
AROUSAL_REGULATION,sensation
AROUSAL_REGULATION,sensitivity
AROUSAL_REGULATION,sensory
AROUSAL_REGULATION,sensory_deficit
AROUSAL_REGULATION,sexual_abuse
AROUSAL_REGULATION,sleep_latency
AROUSAL_REGULATION,sleep_study
AROUSAL_REGULATION,sleepiness
AROUSAL_REGULATION,someone_else
AROUSAL_REGULATION,spindle
AROUSAL_REGULATION,stability
AROUSAL_REGULATION,stable
AROUSAL_REGULATION,startle
AROUSAL_REGULATION,stress
AROUSAL_REGULATION,stress_disorder
AROUSAL_REGULATION,symptom_include
AROUSAL_REGULATION,these_problem
AROUSAL_REGULATION,theta
AROUSAL_REGULATION,timing
AROUSAL_REGULATION,tingle
AROUSAL_REGULATION,tired
AROUSAL_REGULATION,trauma
AROUSAL_REGULATION,traumatic
AROUSAL_REGULATION,user
AROUSAL_REGULATION,variability
AROUSAL_REGULATION,vigilance
AROUSAL_REGULATION,voluntary
AROUSAL_REGULATION,wakefulness
AROUSAL_REGULATION,waking
AROUSAL_REGULATION,weight_gain
AROUSAL_REGULATION,with_general
AROUSAL_REGULATION,worsen
